<?xml version="1.0" encoding="utf-8"?>
<feed xmlns="http://www.w3.org/2005/Atom"
    xmlns:rdf="http://www.w3.org/1999/02/22-rdf-syntax-ns#"
    xmlns:leap2="http://terms.leapspecs.org/"
    xmlns:categories="http://wiki.leapspecs.org/2A/categories/"
    xmlns:portfolio="https://eportfolio.u-pec.fr/export/leap/2791/1663685653/"
    xmlns:mahara="http://wiki.mahara.org/Developer_Area/Import%2F%2FExport/LEAP_Extensions#"
>
    <leap2:version>http://www.leapspecs.org/2010-07/2A/</leap2:version>
    <id>https://eportfolio.u-pec.fr/export/2791/1663685653</id>
    <title>Mahara Leap2A Export for Samer Mohammed, 20/09/2022 16:54</title>
    <updated>2022-09-20T16:04:13+02:00</updated>
    <generator uri="https://mahara.org/" version="2008122400">Mahara</generator>
    <author>
        <name>Samer Mohammed</name>
        <email>samer.mohammed@u-pec.fr</email>
        <uri>portfolio:artefactinternal</uri>
    </author>

    <entry>
        <title>Profile page</title>
        <id>portfolio:view22526</id>

        <updated>2022-09-20T16:04:33+02:00</updated>
        <published>2021-06-28T09:09:51+02:00</published>

        <summary type="xhtml"><div xmlns="http://www.w3.org/1999/xhtml"><div>Your profile page is what others see when they click on your name or profile picture.</div></div></summary>

   <subtitle type="xhtml"><div xmlns="http://www.w3.org/1999/xhtml"><div></div></div></subtitle>
        <content type="xhtml"><div xmlns="http://www.w3.org/1999/xhtml"><div><div id="user_block_91546"><div class="bt-myfriends gridstackblock card card-secondary clearfix" id="user_blockinstance_91546">
    
    
    
        <h2 class="title card-header js-heading">
            

            <span class="collapse-inline">
                Mes contacts
                
            </span>

            

        </h2>
    

    <div class="block" id="user_blockinstance_91546_target">
        
        
            <div class="friends card-body">

    
        <div class="text-center">
            Essayez la <a href="https://eportfolio.u-pec.fr/user/index.php">recherche de contacts </a> pour étendre votre réseau !
        </div>
    

</div>

        
    </div>
</div>
</div><div id="user_block_91549"><div class="bt-profileinfo gridstackblock card card-secondary card-regular clearfix" id="user_blockinstance_91549">
    
    
    
        <h2 class="title card-header js-heading">
            

            <span class="collapse-inline">
                About me
                
            </span>

            

        </h2>
    

    <div class="block" id="user_blockinstance_91549_target">
        
        
            
    
    <div class="card-body flush">
    
    
    
    
        <ul class="unstyled profile-info">
        
            <li><strong>Prénom:</strong> Samer</li>
        
            <li><strong>Nom:</strong> Mohammed</li>
        
            <li><strong>Identifiant étudiant:</strong> samer.mohammed</li>
        
            <li><strong>Nom préféré:</strong> Samer Mohammed</li>
        
        </ul>
    
    
    
    
    </div>
    


        
    </div>
</div>
</div><div id="user_block_91545"><div class="bt-wall gridstackblock card card-secondary clearfix" id="user_blockinstance_91545">
    
    
    
        <h2 class="title card-header js-heading">
            

            <span class="collapse-inline">
                Mur
                
            </span>

            

        </h2>
    

    <div class="block" id="user_blockinstance_91545_target">
        
        
            
<div class="form-group requiredmarkerdesc d-none">Les rubriques avec un « * » doivent être saisies.</div><div id="user_wallpost_91545_postsizelimit_container" class="metadata html form-group">Au maximum 1500 caractères par message.</div>
<div id="user_wallpost_91545_text_container" class="html required wysiwyg form-group">Envoyer <span class="requiredmarker">*</span></div>
<div id="user_wallpost_91545_private_container" class="switchbox form-group">Rendre votre message privé ?<div class="form-switch">
    <div class="switch">
        

        
            <span class="switch-inner"></span>
            <span class="switch-indicator"></span>
            <span class="state-label on">Oui</span>
            <span class="state-label off">Non</span>
        
    </div>
    
</div>
</div>
<div id="user_wallpost_91545_submit_container" class="primary submit form-group"></div>






<div id="user_wall" class="wall list-group list-group-lite list-group-top-border">
    
        <div class="card-body lead text-small text-center">Aucun message à afficher sur le mur</div>
    
    
</div>

    <a href="https://eportfolio.u-pec.fr/blocktype/wall/wall.php?id=91545" class="detail-link link-blocktype"><span class="icon icon-arrow-circle-right"></span> Voir tout le mur</a>


        
    </div>
</div>
</div><div id="user_block_91548"><div class="bt-myviews gridstackblock card card-secondary clearfix" id="user_blockinstance_91548">
    
    
    
        <h2 class="title card-header js-heading">
            

            <span class="collapse-inline">
                Mes portfolios
                
            </span>

            

        </h2>
    

    <div class="block" id="user_blockinstance_91548_target">
        
        
            
    <div class="list-group">
        <div id="user_myviewlist">
            
    <div class="list-group-item flush">
        <h3 class="title list-group-item-heading text-inline">
            <a href="https://eportfolio.u-pec.fr/view/view.php?id=30810">Découverte de Mahara</a>
        </h3>

        

        
        <div class="list-group-item-text text-small">
            Mes premiers pas sur Mahara - première séance de la SAE 14...
        </div>
        

        
    </div>


        </div>
    
        <div id="user_myviews_page_container" class="d-none"><div id="user_myviews_pagination" class="pagination-wrapper center"><div class="lead text-small results float-right">1 résultat</div></div></div>
    
    
    
    
    </div>


        
    </div>
</div>
</div><div id="user_block_91547"><div class="bt-mygroups gridstackblock card card-secondary clearfix" id="user_blockinstance_91547">
    
    
    
        <h2 class="title card-header js-heading">
            

            <span class="collapse-inline">
                Mes groupes
                
            </span>

            

        </h2>
    

    <div class="block" id="user_blockinstance_91547_target">
        
        
            
    <div id="user_usergroupstable" class="fullwidth listing">
        <div class="list-group">
    
    <div class="list-group-item flush">
        <h3 class="text-inline list-group-item-heading"><a href="https://eportfolio.u-pec.fr/group/view.php?id=257">IUT-CV / BUT-RT</a></h3>
        <span class="text-small text-midtone"> (Administrateur)</span>
    </div>
    
</div>

    </div>
    
    


        
    </div>
</div>
</div></div></div></content>
        <rdf:type rdf:resource="leap2:selection"/>

        <link rel="leap2:has_part" href="portfolio:artefact59375"/>
        <link rel="leap2:has_part" href="portfolio:artefact59374"/>
        <link rel="leap2:has_part" href="portfolio:artefact59372"/>
        <link rel="leap2:has_part" href="portfolio:artefact59373"/>


        <category term="Webpage" scheme="categories:selection_type#"/>





        <mahara:view mahara:newlayout="1" mahara:type="profile" mahara:ownerformat="6">
        
            
            <mahara:blockinstance mahara:blocktype="myfriends" mahara:blocktitle="" mahara:positionx="6" mahara:positiony="0" mahara:height="9" mahara:width="6">
                
                
                
            </mahara:blockinstance>
            
            <mahara:blockinstance mahara:blocktype="profileinfo" mahara:blocktitle="About me" mahara:positionx="0" mahara:positiony="8" mahara:height="12" mahara:width="6">
                
                    
                    <mahara:fields>[[&quot;preferredname&quot;,&quot;studentid&quot;,&quot;firstname&quot;,&quot;lastname&quot;]]</mahara:fields>
                    
                
                    
                    <mahara:introtext>[&quot;&quot;]</mahara:introtext>
                    
                
                
                
            </mahara:blockinstance>
            
            <mahara:blockinstance mahara:blocktype="wall" mahara:blocktitle="" mahara:positionx="6" mahara:positiony="9" mahara:height="12" mahara:width="6">
                
                
                
            </mahara:blockinstance>
            
            <mahara:blockinstance mahara:blocktype="myviews" mahara:blocktitle="" mahara:positionx="0" mahara:positiony="20" mahara:height="12" mahara:width="6">
                
                
                
            </mahara:blockinstance>
            
            <mahara:blockinstance mahara:blocktype="mygroups" mahara:blocktitle="" mahara:positionx="0" mahara:positiony="32" mahara:height="8" mahara:width="6">
                
                
                
            </mahara:blockinstance>
            
        
        </mahara:view>
    </entry>

    <entry>
        <title>Dashboard page</title>
        <id>portfolio:view22527</id>

        <updated>2022-09-18T11:11:27+02:00</updated>
        <published>2021-06-28T09:09:51+02:00</published>

        <summary type="xhtml"><div xmlns="http://www.w3.org/1999/xhtml"><div></div></div></summary>

   <subtitle type="xhtml"><div xmlns="http://www.w3.org/1999/xhtml"><div></div></div></subtitle>
        <content type="xhtml"><div xmlns="http://www.w3.org/1999/xhtml"><div><div id="user_block_91553"><div class="bt-newviews gridstackblock card card-secondary clearfix" id="user_blockinstance_91553">
    
    
    
        <h2 class="title card-header js-heading">
            

            <span class="collapse-inline">
                Portfolios partagés avec moi
                
            </span>

            

        </h2>
    

    <div class="block" id="user_blockinstance_91553_target">
        
        
            
<div class="list-group">
    
    <div class="list-group-item flush">
        <h3 class="list-group-item-heading text-inline">
            <a href="https://eportfolio.u-pec.fr/view/view.php?id=23854">BUT-RT: Portfolio de DA CONCEICAO FELGUEIRAS Fabio </a>
        </h3>
        <span class="text-small text-midtone">(1 page)</span>
        
        <div class="groupuserdate text-small">
            
                
                <a href="https://eportfolio.u-pec.fr/user/view.php?id=2949" class="text-link">
                    Fabio Da conceicao felgueiras
                </a>
            
        
            <span class="postedon text-midtone">
                - 
                    Mis à jour
                
                19 September 2022
            </span>
        </div>
        
    </div>
    
    <div class="list-group-item flush">
        <h3 class="list-group-item-heading text-inline">
            <a href="https://eportfolio.u-pec.fr/view/view.php?id=23565">BUT-RT: Portfolio de Elwin BACHELIER</a>
        </h3>
        <span class="text-small text-midtone">(6 pages)</span>
        
        <div class="groupuserdate text-small">
            
                
                <a href="https://eportfolio.u-pec.fr/user/view.php?id=2897" class="text-link">
                    Elwin Bachelier
                </a>
            
        
            <span class="postedon text-midtone">
                - 
                    Mis à jour
                
                12 September 2022
            </span>
        </div>
        
        <div class="detail list-group-item-text text-small">
            Portfolio utilisé pendant mes années de BUT, il sera mis à jour fréquemment.
        </div>
        
    </div>
    
    <div class="list-group-item flush">
        <h3 class="list-group-item-heading text-inline">
            <a href="https://eportfolio.u-pec.fr/view/view.php?id=22487">Les SAE du BUT Réseaux et Télécoms</a>
        </h3>
        <span class="text-small text-midtone">(1 page)</span>
        
        <div class="groupuserdate text-small">
            
            <a href="https://eportfolio.u-pec.fr/group/view.php?id=257" class="text-link">
                IUT-CV / BUT-RT
            </a>
            
            <span class="postedon text-midtone">
                - 
                    Mis à jour
                
                12 September 2022
            </span>
        </div>
        
        <div class="detail list-group-item-text text-small">
            Vous trouverez ici l'ensemble des informations liées aux SAE du BUT Réseaux et Télécoms
        </div>
        
    </div>
    
    <div class="list-group-item flush">
        <h3 class="list-group-item-heading text-inline">
            <a href="https://eportfolio.u-pec.fr/view/view.php?id=24643">My Portfolio</a>
        </h3>
        <span class="text-small text-midtone"></span>
        
        <div class="groupuserdate text-small">
            
                
                <a href="https://eportfolio.u-pec.fr/user/view.php?id=2945" class="text-link">
                    Thomas Saxemard
                </a>
            
        
            <span class="postedon text-midtone">
                - 
                    Mis à jour
                
                05 August 2022
            </span>
        </div>
        
    </div>
    
    <div class="list-group-item flush">
        <h3 class="list-group-item-heading text-inline">
            <a href="https://eportfolio.u-pec.fr/view/view.php?id=24445">Le portfolio</a>
        </h3>
        <span class="text-small text-midtone">(1 page)</span>
        
        <div class="groupuserdate text-small">
            
            <a href="https://eportfolio.u-pec.fr/group/view.php?id=257" class="text-link">
                IUT-CV / BUT-RT
            </a>
            
            <span class="postedon text-midtone">
                - 
                    Mis à jour
                
                09 June 2022
            </span>
        </div>
        
    </div>
    
</div>


        
    </div>
</div>
</div><div id="user_block_91550"><div class="bt-inbox gridstackblock card card-secondary clearfix" id="user_blockinstance_91550">
    
    
    
        <h2 class="title card-header js-heading">
            

            <span class="collapse-inline">
                Boîte de réception
                
            </span>

            

        </h2>
    

    <div class="block" id="user_blockinstance_91550_target">
        
        
            
    <div id="user_inboxblock" class="inboxblock list-group">
        
        <div class="collapsible list-group-item flush-collapsible">
            
                <h3 class="title list-group-item-heading"><a class="collapsed link-block" href="#message_content_viewaccess_53238">
                    
                        <span class="icon icon-wrench text-default left"></span>
                    
                    <span class="sr-only">Nouveaux accès à une page</span>
                    <span class="subject">Vous avez reçu l'accès à 1 portfolio par Mohamm...</span>
                    <span class="icon icon-chevron-down collapse-indicator float-right"></span>
                </a></h3>
            
            <div class="collapse" id="user_message_content_viewaccess_53238">
                
                    <p class="content-text">Vous avez reçus les droits suivants:<br /><br />Profile page<br /><br /></p>
                    
                        <a href="https://eportfolio.u-pec.fr/view/view.php?id=24061" class="text-small">
                            Portfolio <span class="icon icon-arrow-right mls icon-sm"></span>
                        </a>
                    
                    
                
            </div>
        </div>
        
        <div class="collapsible list-group-item flush-collapsible">
            
                <h3 class="title list-group-item-heading"><a class="collapsed link-block" href="#message_content_viewaccess_51788">
                    
                        <span class="icon icon-wrench text-default left"></span>
                    
                    <span class="sr-only">Nouveaux accès à une page</span>
                    <span class="subject">Vous avez reçu l'accès à 1 portfolio par Yoann ...</span>
                    <span class="icon icon-chevron-down collapse-indicator float-right"></span>
                </a></h3>
            
            <div class="collapse" id="user_message_content_viewaccess_51788">
                
                    <p class="content-text">Vous avez reçus les droits suivants:<br /><br /></p>
                    
                        <a href="https://eportfolio.u-pec.fr/view/view.php?id=28871" class="text-small">
                            Portfolio <span class="icon icon-arrow-right mls icon-sm"></span>
                        </a>
                    
                    
                
            </div>
        </div>
        
        <div class="collapsible list-group-item flush-collapsible">
            
                <h3 class="title list-group-item-heading"><a class="collapsed link-block" href="#message_content_viewaccess_51783">
                    
                        <span class="icon icon-wrench text-default left"></span>
                    
                    <span class="sr-only">Nouveaux accès à une page</span>
                    <span class="subject">Vous avez reçu l'accès à 1 portfolio par Yoann ...</span>
                    <span class="icon icon-chevron-down collapse-indicator float-right"></span>
                </a></h3>
            
            <div class="collapse" id="user_message_content_viewaccess_51783">
                
                    <p class="content-text">Vous avez reçus les droits suivants:<br /><br />Synthèse Gestion de projet<br /><br /></p>
                    
                        <a href="https://eportfolio.u-pec.fr/view/view.php?id=25552" class="text-small">
                            Collection <span class="icon icon-arrow-right mls icon-sm"></span>
                        </a>
                    
                    
                
            </div>
        </div>
        
        <div class="collapsible list-group-item flush-collapsible">
            
                <h3 class="title list-group-item-heading"><a class="collapsed link-block" href="#message_content_groupmessage_47676">
                    
                        <span class="icon icon-wrench text-default left"></span>
                    
                    <span class="sr-only">Messages des groupes</span>
                    <span class="subject">Nouvelle demande d'affiliation</span>
                    <span class="icon icon-chevron-down collapse-indicator float-right"></span>
                </a></h3>
            
            <div class="collapse" id="user_message_content_groupmessage_47676">
                
                    <p class="content-text">Ismael Ndoye a envoyé une demande d'affiliation à joindre la communauté IUT-CV / BUT-RT avec pour raison Eleve de RT1A2.</p>
                    
                        <a href="group/members.php?id=257&amp;membershiptype=request" class="text-small">
                            Membres en attente <span class="icon icon-arrow-right mls icon-sm"></span>
                        </a>
                    
                    
                
            </div>
        </div>
        
        <div class="collapsible list-group-item flush-collapsible">
            
                <h3 class="title list-group-item-heading"><a class="collapsed link-block" href="#message_content_groupmessage_47315">
                    
                        <span class="icon icon-wrench text-default left"></span>
                    
                    <span class="sr-only">Messages des groupes</span>
                    <span class="subject">Nouvelle demande d'affiliation</span>
                    <span class="icon icon-chevron-down collapse-indicator float-right"></span>
                </a></h3>
            
            <div class="collapse" id="user_message_content_groupmessage_47315">
                
                    <p class="content-text">Reishan Sritharan a envoyé une demande d'affiliation à joindre la communauté IUT-CV / BUT-RT</p>
                    
                        <a href="group/members.php?id=257&amp;membershiptype=request" class="text-small">
                            Membres en attente <span class="icon icon-arrow-right mls icon-sm"></span>
                        </a>
                    
                    
                
            </div>
        </div>
        
    </div>
    
    <div class="artefact-detail-link">
        <a class="link-blocktype last" href="https://eportfolio.u-pec.fr/module/multirecipientnotification/inbox.php?type=feedback,groupmessage,institutionmessage,maharamessage,usermessage,viewaccess,watchlist,wallpost">
        <span class="icon icon-arrow-circle-right"></span>
        Plus</a>
    </div>
    
    


        
    </div>
</div>
</div><div id="user_block_91551"><div class="bt-inbox gridstackblock card card-secondary clearfix" id="user_blockinstance_91551">
    
    
    
        <h2 class="title card-header js-heading">
            

            <span class="collapse-inline">
                Sujets que je suis
                
            </span>

            

        </h2>
    

    <div class="block" id="user_blockinstance_91551_target">
        
        
            
    <div class="card-body">
        <p class="lead text-small">Pas de messages</p>
    </div>


        
    </div>
</div>
</div><div id="user_block_91552"><div class="bt-myviews gridstackblock card card-secondary clearfix" id="user_blockinstance_91552">
    
    
    
        <h2 class="title card-header js-heading">
            

            <span class="collapse-inline">
                Mes portfolios
                
            </span>

            

        </h2>
    

    <div class="block" id="user_blockinstance_91552_target">
        
        
            
    <div class="list-group">
        <div id="user_myviewlist">
            
    <div class="list-group-item flush">
        <h3 class="title list-group-item-heading text-inline">
            <a href="https://eportfolio.u-pec.fr/view/view.php?id=30810">Découverte de Mahara</a>
        </h3>

        

        
        <div class="list-group-item-text text-small">
            Mes premiers pas sur Mahara - première séance de la SAE 14...
        </div>
        

        
    </div>


        </div>
    
        <div id="user_myviews_page_container" class="d-none"><div id="user_myviews_pagination" class="pagination-wrapper center"><div class="lead text-small results float-right">1 résultat</div></div></div>
    
    
    
    
    </div>


        
    </div>
</div>
</div></div></div></content>
        <rdf:type rdf:resource="leap2:selection"/>



        <category term="Webpage" scheme="categories:selection_type#"/>





        <mahara:view mahara:newlayout="1" mahara:type="dashboard" mahara:ownerformat="6">
        
            
            <mahara:blockinstance mahara:blocktype="newviews" mahara:blocktitle="" mahara:positionx="0" mahara:positiony="0" mahara:height="32" mahara:width="6">
                
                    
                    <mahara:limit>[5]</mahara:limit>
                    
                
                    
                    <mahara:user>[1]</mahara:user>
                    
                
                    
                    <mahara:friend>[1]</mahara:friend>
                    
                
                    
                    <mahara:group>[1]</mahara:group>
                    
                
                
                
            </mahara:blockinstance>
            
            <mahara:blockinstance mahara:blocktype="inbox" mahara:blocktitle="" mahara:positionx="6" mahara:positiony="0" mahara:height="24" mahara:width="6">
                
                    
                    <mahara:feedback>[true]</mahara:feedback>
                    
                
                    
                    <mahara:groupmessage>[true]</mahara:groupmessage>
                    
                
                    
                    <mahara:institutionmessage>[true]</mahara:institutionmessage>
                    
                
                    
                    <mahara:maharamessage>[true]</mahara:maharamessage>
                    
                
                    
                    <mahara:usermessage>[true]</mahara:usermessage>
                    
                
                    
                    <mahara:viewaccess>[true]</mahara:viewaccess>
                    
                
                    
                    <mahara:watchlist>[true]</mahara:watchlist>
                    
                
                    
                    <mahara:maxitems>[&quot;5&quot;]</mahara:maxitems>
                    
                
                    
                    <mahara:wallpost>[true]</mahara:wallpost>
                    
                
                
                
            </mahara:blockinstance>
            
            <mahara:blockinstance mahara:blocktype="inbox" mahara:blocktitle="" mahara:positionx="6" mahara:positiony="24" mahara:height="9" mahara:width="6">
                
                    
                    <mahara:newpost>[true]</mahara:newpost>
                    
                
                    
                    <mahara:maxitems>[&quot;5&quot;]</mahara:maxitems>
                    
                
                
                
            </mahara:blockinstance>
            
            <mahara:blockinstance mahara:blocktype="myviews" mahara:blocktitle="" mahara:positionx="0" mahara:positiony="32" mahara:height="12" mahara:width="6">
                
                
                
            </mahara:blockinstance>
            
        
        </mahara:view>
    </entry>

    <entry>
        <title>Découverte de Mahara</title>
        <id>portfolio:view30810</id>

        <updated>2022-09-20T16:04:57+02:00</updated>
        <published>2022-09-20T16:04:26+02:00</published>

        <summary type="xhtml"><div xmlns="http://www.w3.org/1999/xhtml"><div>Mes premiers pas sur Mahara - première séance de la SAE 14...</div></div></summary>

   <subtitle type="xhtml"><div xmlns="http://www.w3.org/1999/xhtml"><div></div></div></subtitle>
        <content type="xhtml"><div xmlns="http://www.w3.org/1999/xhtml"><div><div id="user_block_132018"><div class="bt-text gridstackblock card card-secondary clearfix" id="user_blockinstance_132018">
    
    
        <div class="block-header quick-edit d-none">
    <a class="modal_link list-group-heading" href="#" title="Édition rapide">
        <span class="icon icon-pencil-alt" title="Édition rapide"></span>
        Édition rapide
    </a>
</div>

    
    
        <h2 class="title card-header js-heading">
            

            <span class="collapse-inline">
                Présentation
                
            </span>

            

        </h2>
    

    <div class="block" id="user_blockinstance_132018_target">
        
        
            

<div class="textblock card-body flush">
<p>Ceci est mon premier bloc de la page "<em><strong>Découverte de Mahara</strong></em>..."</p>
<ol>
<li>item1</li>
<li>item2</li>
<li>item3</li>
</ol>
</div>


        
    </div>
</div>
</div><div id="user_block_132035"><div class="bt-image gridstackblock card card-secondary clearfix" id="user_blockinstance_132035">
    
        <div class="block-header d-none">
    
        <a class="commentlink" href="#" title="">
        
            
                <span class="icon icon-plus" title="Commentaires et les détails"></span>
                Ajouter un commentaire
                <span class="bh-margin-left icon icon-search-plus"></span>
                Détails
            
        
        </a>
    
</div>

    
    
    
        <h2 class="title card-header js-heading">
            

            <span class="collapse-inline">
                Bloc - images
                
            </span>

            

        </h2>
    

    <div class="block" id="user_blockinstance_132035_target">
        
        
            <div class="imageblock card-body">
    <div class="image">
        
        <a class="modal_link" href="#">
            <img rel="leap2:has_part" href="portfolio:artefact62917" alt="silhouette.png" title="silhouette.png" />
        </a>
        
    </div>

    
</div>

        
    </div>
</div>
</div><div id="user_block_132062"><div class="bt-externalvideo gridstackblock card card-secondary card-brand clearfix" id="user_blockinstance_132062">
    
    
    
        <h2 class="title card-header js-heading">
            

            <span class="collapse-inline">
                Tutoriel Mahara
                
            </span>

            

        </h2>
    

    <div class="block" id="user_blockinstance_132062_target">
        
        
            <div class="mediaplayer-container text-center card-body">
  <div id="user_vid_132062" class="mediaplayer" style="margin:0 auto;">
    <iframe class="externalvideoiframe" width="560" height="349" src="https://www.youtube.com/embed/rkp0i5Vsq3s?start=" allowfullscreen="1"></iframe>
    
  </div>
</div>

        
    </div>
</div>
</div></div></div></content>
        <rdf:type rdf:resource="leap2:selection"/>

        <link rel="leap2:has_part" href="portfolio:artefact62917"/>


        <category term="Webpage" scheme="categories:selection_type#"/>





        <mahara:view mahara:newlayout="1" mahara:type="portfolio" mahara:ownerformat="6">
        
            
            <mahara:blockinstance mahara:blocktype="text" mahara:blocktitle="Présentation" mahara:positionx="0" mahara:positiony="0" mahara:height="16" mahara:width="4">
                
                    
                    <mahara:text>[&quot;&lt;p&gt;Ceci est mon premier bloc de la page \&quot;&lt;em&gt;&lt;strong&gt;D&amp;eacute;couverte de Mahara&lt;\/strong&gt;&lt;\/em&gt;...\&quot;&lt;\/p&gt;\r\n&lt;ol&gt;\r\n&lt;li&gt;item1&lt;\/li&gt;\r\n&lt;li&gt;item2&lt;\/li&gt;\r\n&lt;li&gt;item3&lt;\/li&gt;\r\n&lt;\/ol&gt;&quot;]</mahara:text>
                    
                
                    
                    <mahara:instructions></mahara:instructions>
                    
                
                
                
            </mahara:blockinstance>
            
            <mahara:blockinstance mahara:blocktype="image" mahara:blocktitle="Bloc - images" mahara:positionx="4" mahara:positiony="0" mahara:height="28" mahara:width="4">
                
                    
                    <mahara:artefactid>[&quot;portfolio:artefact62917&quot;]</mahara:artefactid>
                    
                
                    
                    <mahara:showdescription>[false]</mahara:showdescription>
                    
                
                    
                    <mahara:width>[&quot;&quot;]</mahara:width>
                    
                
                    
                    <mahara:retractable>[0]</mahara:retractable>
                    
                
                    
                    <mahara:retractedonload>[0]</mahara:retractedonload>
                    
                
                
                
            </mahara:blockinstance>
            
            <mahara:blockinstance mahara:blocktype="externalvideo" mahara:blocktitle="Tutoriel Mahara" mahara:positionx="8" mahara:positiony="0" mahara:height="32" mahara:width="4">
                
                    
                    <mahara:videoid>[&quot;&lt;iframe class=\&quot;externalvideoiframe\&quot; width=\&quot;560\&quot; height=\&quot;349\&quot; src=\&quot;https:\/\/www.youtube.com\/embed\/rkp0i5Vsq3s?start=\&quot; allowfullscreen=\&quot;1\&quot;&gt;&lt;\/iframe&gt;&quot;]</mahara:videoid>
                    
                
                    
                    <mahara:width>[560]</mahara:width>
                    
                
                    
                    <mahara:height>[349]</mahara:height>
                    
                
                    
                    <mahara:tags>[null]</mahara:tags>
                    
                
                    
                    <mahara:retractable>[0]</mahara:retractable>
                    
                
                    
                    <mahara:retractedonload>[0]</mahara:retractedonload>
                    
                
                    
                    <mahara:html>[&quot;&lt;iframe class=\&quot;externalvideoiframe\&quot; width=\&quot;560\&quot; height=\&quot;349\&quot; src=\&quot;https:\/\/www.youtube.com\/embed\/rkp0i5Vsq3s?start=\&quot; allowfullscreen=\&quot;1\&quot;&gt;&lt;\/iframe&gt;&quot;]</mahara:html>
                    
                
                
                
            </mahara:blockinstance>
            
        
        </mahara:view>
    </entry>

    <entry>
        <title>Journal de Samer Mohammed</title>
        <id>portfolio:artefact59376</id>

        <updated>2021-06-28T09:09:51+02:00</updated>
        <published>2021-06-28T09:09:51+02:00</published>




        <content type="xhtml"><div xmlns="http://www.w3.org/1999/xhtml"><div></div></div></content>
        <rdf:type rdf:resource="leap2:selection"/>
        <mahara:artefactplugin mahara:type="blog" mahara:plugin="blog"/>


        <category term="Blog" scheme="categories:selection_type#"/>




    </entry>


    <entry>
        <title>silhouette.png</title>
        <id>portfolio:artefact62917</id>

        <updated>2021-09-23T16:04:49+02:00</updated>
        <published>2021-09-23T16:04:49+02:00</published>




        <content type="xhtml"><div xmlns="http://www.w3.org/1999/xhtml"><div></div></div></content>
        <rdf:type rdf:resource="leap2:resource"/>
        <mahara:artefactplugin mahara:type="image" mahara:plugin="file"/>
        <link rel="enclosure" type="image/png" href="export_info/files/62917-silhouette.png"/>
        <link rel="leap2:is_part_of" href="portfolio:view30810"/>


        <category term="Offline" scheme="categories:resource_type#" label="File"/>




    </entry>


    <entry>
        <title>Centres d&#039;intérêt</title>
        <id>portfolio:artefact62918</id>

        <updated>2021-09-23T17:05:10+02:00</updated>
        <published>2021-09-23T17:05:10+02:00</published>




        <content type="xhtml"><div xmlns="http://www.w3.org/1999/xhtml"><div></div></div></content>
        <rdf:type rdf:resource="leap2:entry"/>
        <mahara:artefactplugin mahara:type="interest" mahara:plugin="resume"/>






    </entry>


    <entry>
        <title>silhouette.png.1</title>
        <id>portfolio:artefact63021</id>

        <updated>2021-09-24T09:09:06+02:00</updated>
        <published>2021-09-24T09:09:06+02:00</published>




        <content type="xhtml"><div xmlns="http://www.w3.org/1999/xhtml"><div></div></div></content>
        <rdf:type rdf:resource="leap2:resource"/>
        <mahara:artefactplugin mahara:type="image" mahara:plugin="file"/>
        <link rel="enclosure" type="image/png" href="export_info/files/63021-silhouette.png.1"/>


        <category term="Offline" scheme="categories:resource_type#" label="File"/>




    </entry>


    <entry>
        <title>silhouette.png.2</title>
        <id>portfolio:artefact63732</id>

        <updated>2021-09-24T14:02:26+02:00</updated>
        <published>2021-09-24T14:02:26+02:00</published>




        <content type="xhtml"><div xmlns="http://www.w3.org/1999/xhtml"><div></div></div></content>
        <rdf:type rdf:resource="leap2:resource"/>
        <mahara:artefactplugin mahara:type="image" mahara:plugin="file"/>
        <link rel="enclosure" type="image/png" href="export_info/files/63732-silhouette.png.2"/>


        <category term="Offline" scheme="categories:resource_type#" label="File"/>




    </entry>


    <entry>
        <title>Images de couverture</title>
        <id>portfolio:artefact85783</id>

        <updated>2022-09-18T12:12:43+02:00</updated>
        <published>2022-09-18T12:12:43+02:00</published>




        <content></content>
        <rdf:type rdf:resource="leap2:selection"/>
        <mahara:artefactplugin mahara:type="folder" mahara:plugin="file"/>


        <category term="Folder" scheme="categories:selection_type#"/>




    </entry>


    <entry>
        <title>Samer Mohammed</title>
        <id>portfolio:artefactinternal</id>

        <updated>2021-06-28T09:09:51+02:00</updated>





        <content></content>
        <rdf:type rdf:resource="leap2:person"/>
        <mahara:artefactplugin mahara:type="internal" mahara:plugin="internal"/>


        <category term="Self" scheme="categories:person_type#"/>






        <leap2:persondata
            mahara:artefactplugin="internal"
            mahara:artefacttype="email"

            leap2:field="email"

            leap2:label="Adresse de courriel"

        >samer.mohammed@u-pec.fr</leap2:persondata>

        <leap2:persondata
            mahara:artefactplugin="internal"
            mahara:artefacttype="firstname"

            leap2:field="legal_given_name"

            leap2:label="Prénom"

        >Samer</leap2:persondata>

        <leap2:persondata
            mahara:artefactplugin="internal"
            mahara:artefacttype="lastname"

            leap2:field="legal_family_name"

            leap2:label="Nom"

        >Mohammed</leap2:persondata>

        <leap2:persondata
            mahara:artefactplugin="internal"
            mahara:artefacttype="preferredname"

            leap2:field="preferred_given_name"

            leap2:label="Nom préféré"

        >Samer Mohammed</leap2:persondata>

        <leap2:persondata
            mahara:artefactplugin="internal"
            mahara:artefacttype="studentid"

            leap2:field="other"

            leap2:label="Identifiant étudiant"

        >samer.mohammed</leap2:persondata>


    </entry>

</feed>
